upc,ebay_item_id,title,price,condition,seller
194253563624,v1|236202312935|0,Beats Wireless Earbuds Studio Buds+ - Cosmic Silver - Noise Cancelling (SEALED),90.00,New,all4saleusa
195949704529,v1|177409626087|0,"AirPods Pro 2 – Active Noise Cancellation, Adaptive Audio, MagSafe Case",174.00,New,helloconnect
017817853460,v1|326345060091|0,Bose - QuietComfort True Wireless Noise Cancelling In-Ear Earbuds - Black,149.00,New,best_buy
810045688169,v1|205330814769|0,(2 PAIR) NEW Skullcandy Jib XT Black Wired Earbuds with Microphone,17.99,New,olddominionwholesale
887276811895,v1|335995905916|0,"NEW Samsung Galaxy Buds FE Wireless Earbud Headphones, Graphite, SM-R400NZAWXAR",52.00,New,hobry5863
195949688522,v1|334628251339|545096806040,Apple Airpods Mega Listing All Models Ships Same Day Free and Fast!!!,165.00,New,arisdealsllc
195949116711,v1|205227548518|0,Beats Solo Buds - Wireless Bluetooth Earbuds | 18 Hours of Battery Life | Apple ,224.99,New,mddcprint
195949689604,v1|316827804748|0,Apple Wireless Headphones/ AirPod 4s,185.00,New,nathan20528
812887017213,v1|116390435229|0,JLab - GO Air POP True Wireless In-Ear Headphones - Slate - SEALED!,12.95,New,twincitiespawnmn
810045688787,v1|145917048227|0,Skullcandy S2TAW-Q740 Smokin' Buds XT True Wireless Bluetooth Earbuds NEW!,20.00,New,sns_goods
810119072436,v1|376287753475|645130127830,NEW JLab Go Pop ANC True Wireless Bluetooth Earbuds,22.00,New,metrosgoodstuff
812887019699,v1|235425329067|535543414113,"JLab GO Sport+ True Wireless Earbuds, Gym & Work Out Headphones, Bluetooth",29.99,New,jlabllc
050036405041,v1|397040999029|0,JBL Vibe Beam 2 True Wireless Noise Cancelling Earbuds (Black),35.99,New,friendlysales21
810119071835,v1|177381608690|0,JLab FLEX True Wireless Bluetooth Open Ear Earbuds Black,24.99,New,reuse-recycle-wv
681131414548,v1|157168955067|0,"Bluetooth Wireless Earphones w Environmental Noise Canceling Microphones,White",19.71,New,tzchr9
810119070524,v1|365255443862|0,NIB JLAB Smallest Fit Ever; Great C'mas Gift,20.00,New,lindasmith79
841351180177,v1|275552096880|0,ProBuds V2 Auto Pairing. Built-In Mic Earbuds. White Color.,22.50,New,details-us
810145323182,v1|277304187520|0,"Skullcandy Method 360 ANC XT True Wireless In-Ear Earbuds with Sound by Bose,",74.99,New,estoreva1
050036395403,v1|116746209631|0,"JBL Tune Beam - True Wireless Active Noise Cancelling Earbuds, Deep Bass Sound,",108.40,New,orderfest
027242930339,v1|335709244290|0,"Sony WF-C510 Truly Wireless Earbuds with 22-Hour Battery, IPX4, Multipoint,Black",68.00,New,buydig
732322653069,v1|396765712078|0,"Monster MH22210 Bluetooth Wireless Earbuds, Comfortable Clip-on Bluetooth",27.26,New,thisorthatknick-knacks
027242900479,v1|335902875110|0,Sony MDREX14AP Headset Ear Bud Headphones MDR-EX14AP wired Black  ,9.00,New,omarzstuff
027242900486,v1|325334510975|0,Sony - MDREX14AP Wired Earbud Headphones - White,9.99,New,best_buy
050036391429,v1|376557402663|0,JBL VIBE BUDS SMART AMBIENT HANDS FREE CALLS WHITE Earbuds ,29.99,New,royal_mart180
810119071910,v1|277315753094|0,JLab Go POP+ True Wireless Bluetooth Earbuds iOS Android Headphones BRAND NEW,19.99,New,ctspaceace
050036391351,v1|177290565200|0,JBL JBLVFLEXBEGAM Vibe Flex Wireless Earbuds | Beige,49.22,New,salma2222
050036391290,v1|277370668201|0,JBL VIBE BEAM  Earbud Deep Bass 32H Battery Water Resistant- Black -HARMAN NEW,39.95,New,nicedeals36
810119071965,v1|388835920513|0,High-Performance Go Sport+ Bluetooth Earbuds with Safe Listening Mode - Graphite,51.99,New,malloftk
810119073013,v1|236116069879|536653863961,JLab GO Pods ANC Wireless Earbuds Hybrid Noise Canceling 26Hr Playtime IP55,29.99,New,jlabllc
195949591006,v1|197449074003|0,Beats - Powerbeats Pro 2 True Wireless Active Noise Canceling Earbuds - Elect...,249.99,New,best_buy
050036401227,v1|197039353327|0,JBL Live Beam 3 true-wireless headphones (silver),139.95,New,crutchfield_electronics
194346005222,v1|396720504371|0,"Wireless Open-Ear Earphones with Environmental Microphones, Black",47.86,New,bgbgbtwo
812887019194,v1|276964940894|0,JLab GO Air  True Wireless In Ear Headphones  Black,14.00,New,kg407
017817846929,v1|406141941948|0,New Sealed Bose Ultra Ope-Ear Wireless Bluetooth Open Clip On Earplug  - Black,109.99,New,lvchundouqushang0
190199801561,v1|196337620802|0,Beats - Flex Wireless Earphones - Black,49.99,New,best_buy
194252484296,v1|385759298969|653536120907,Beats Fit Pro – True Wireless Noise Cancelling Earbuds – 6 Hours Listening Time,175.95,New,your-best-store
810119072115,v1|335450791561|544870600583,"JLab Go Tones+ Bluetooth Earbuds, True Wireless, In-Ear Headphones, App,",25.00,New,jlabllc
887276880938,v1|186938681751|0,~NEW SEALED~ Samsung Galaxy Buds3 SM-R530 True Wireless Bluetooth Earbuds,129.95,New,jrlhub
194644186333,v1|226192032689|525335075071,Soundcore P30i Noise Cancelling Wireless Earbuds 2in1 Phone Stand Case 45H Play,39.99,New,ankerdirect
810045685328,v1|297517696436|0,Skullcandy JIB TRUE XT2 Wireless Bluetooth Earbuds In-Ear Headphones with Mic,24.88,New,sutt.jan
050036384674,v1|317309574356|0,JBL Endurance Race IP67 ,43.42,New,meow001
194644186340,v1|326031364008|515110040339,Soundcore P40i Noise Cancelling Wireless Earbuds Bass 2-in-1 Case & Phone Stand,59.99,New,ankerdirect
050036397001,v1|187023050529|0,JBL Tune Flex True Wireless Noise-Cancelling Earbuds (Black),59.00,New,deal_expo
810092678663,v1|267237539239|0,NEW SHOKZ OPENFIT AIR BLACK EAR BUDS T511 (31C),84.99,New,business-supplies-2009
194644197100,v1|335430074095|544836291112,Soundcore C30i Open-Ear Earbuds Clip-On Sports Headphones Ear Grips 30H Playtime,69.99,New,ankerdirect
681131415347,v1|157262454122|0,"onn Wireless Earphones, Bluetooth Black",12.60,New,safbjka_24
810045689456,v1|267379098065|0,"Skullcandy S2SAW-S759 Sesh ANC Active XT True Wireless In-Ear Earbuds, Black",66.89,New,thedealstore1414
050036396882,v1|266645682542|0,JBL Tour Pro 2 Noise Canceling True Wireless Earbuds with Smart Case (Black),129.99,New,betterbestgoods
193575007977,v1|175745822317|0,New Google Pixel Buds A-Series Wireless In-Ear Headset - Clearly White Sealed,78.00,New,ces235
017817847643,v1|397078824397|0,"Bose QuietComfort Ultra Earbuds - White Smoke, (8828260020)",178.99,New,jotor-2310
050036405614,v1|277387709939|0,JBL Tune Flex 2 True Wireless Noise Cancelling Earbuds (Black) Factory Sealed!,52.24,New,retail-dealz-llc
810119072382,v1|205239807266|0,JLab - Epic Sport ANC 3 True Wireless Earbuds - Black,49.99,New,sophistideals
050036395571,v1|317014484224|0,JBL Tune Buds True Wireless Bluetooth Noise-Cancelling Earbuds - White - NEW,49.50,New,alldeals321
190199702288,v1|276863570441|0,Beats - Powerbeats Pro Totally Wireless Earbuds - Ivory,139.99,New,amen101230290614
810119070333,v1|187446633231|0, Brand New JLab JBuds Pro USB-C Wired Earbuds,23.99,New,chouz_ecomm
050036396790,v1|236159316749|536712862479,JBL Tune Buds True Wireless Bluetooth Noise Canceling Earbuds Ghost White/Black,48.99,New,shopheroic
046838068751,v1|365728454460|0,"JVC Gumy Wired Earbud, 3.28 ft, Headphones, Quality Sound, HA-F160-A-K, Travel",11.98,New,awesome-stuff4me
878615098503,v1|255448766180|0,Skullcandy Jib XT Bluetooth Wireless Earbuds S2JPW,30.00,Open box,mark-77009
046838068768,v1|112358941238|412775517839,"JVC Gummy Headphones New in Retail Sealed Package, NIB",12.99,New,sobupol
810119070319,v1|335961454308|545505707139,JLab Go Air Pop True Wireless Bluetooth Earbuds + Charging  Assorted Colors ,25.42,New,luxury_home
194644126155,v1|326084178692|0,Soundcore - by Anker P25i True Wireless In-Ear Headphones - Black,19.99,New,best_buy
878376002702,v1|135564241444|0,JLAB JBuds Pro Signature Earbuds w/Universal MIC + Track Control (Blue) New,7.19,New,saiz-buy-sell
810119073068,v1|335974371423|545519508314,JLab JBuds Pods ANC Earbuds 56Hr Playtime 6 Mics Hybrid Noise Canceling IP55,59.99,New,jlabllc
840244604554,v1|196830150546|0,Google - Pixel Buds Pro 2 - Wireless Earbuds with Active Noise Cancellation ...,189.00,New,best_buy
050036388085,v1|267316995608|0,JBL Live Pro 2 TWS,82.89,New,thedealstore1414
885170113244,v1|253239566151|552359201896,Panasonic RP-HJE125 Ergofit In-Ear Headphones Earphones Earbuds FREE SHIPPING!!!,9.40,New,lary_the_deal_guy
885170002401,v1|187273640010|0,Panasonic RP-HJE120 Ergo-Fit In-Ear Headphones - Orange NEW Sealed,11.50,New,thingsfromnowandthen
810091272466,v1|357451647292|0,Sennheiser MOMENTUM True Wireless 4  Black Graphite Earbuds [AUTHENTIC/NEW],174.00,New,jav985342
193575032283,v1|155834112963|0,Google Pixel Buds Pro - Charcoal - Brand New,149.00,New,roger.rivera
027242868625,v1|336084360157|0,Sony MDR-EX15LP Stereo Headphones Earbuds White Noise Isolation Comfortable Fit,8.97,New,kohlco1002
194644039165,v1|335501250833|544958995069,Soundcore K20i Semi-in-Ear Earbuds Wireless Bluetooth Headphones 36H Play 2-Mic,29.99,New,ankerdirect
194644126124,v1|186827303114|0,NEW SEALED Soundcore by Anker Liberty 4 NC Noise Canceling True Wireless Earbuds,79.95,New,danielj0220
810045688770,v1|276742028158|0,Skullcandy Smokin Buds True Wireless Bluetooth Earbuds - Black -Brand New In Box,19.99,New,shazamphoneparts
